Sample_Index,Raw_Accel_Z
0,13888
1,13628
2,13464
3,13000
4,13044
5,13280
6,13344
7,13344
8,13464
9,13068
10,13012
11,12808
12,12712
13,12832
14,13104
15,13724
16,13924
17,13972
18,13888
19,13940
20,13888
21,13872
22,13880
23,13812
24,14004
25,13812
26,13808
27,13780
28,13840
29,14092
30,14200
31,14236
32,14124
33,14024
34,14044
35,14144
36,14096
37,14080
38,14056
39,13936
40,14052
41,14160
42,14124
43,14132
44,14496
45,14376
46,14404
47,14392
48,14124
49,14248
50,14280
51,14292
52,14440
53,14412
54,14392
55,13684
56,3584
57,156
58,-2000
59,4528
60,6512
61,5132
62,7956
63,14592
64,20208
65,22176
66,19756
67,19444
68,15896
69,16684
70,17992
71,17032
72,14492
73,32767
74,6716
75,16108
76,15872
77,15944
78,16128
79,15824
80,16496
81,15708
82,15316
83,15660
84,15860
85,15812
86,15792
87,15532
88,12940
89,14840
90,14732
91,21708
92,21924
93,20508
94,19848
95,17500
96,17156
97,17300
98,17164
99,16996
100,16076
101,13912
102,11576
103,9516
104,10640
105,13532
106,14976
107,17044
108,17392
109,16376
110,15252
111,14668
112,12660
113,11548
114,11148
115,10940
116,10460
117,10480
118,10000
119,10320
120,9668
121,9580
122,10120
123,10604
124,11552
125,12352
126,14044
127,14500
128,14540
129,14512
130,14240
131,14096
132,13860
133,13784
134,13696
135,13228
136,13188
137,13380
138,13164
139,12672
140,12412
141,11828
142,11892
143,12756
144,13028
145,13636
146,12860
147,13436
148,13068
149,13296
150,14028
151,14128
152,14144
153,13428
154,13280
155,13080
156,13304
157,14408
158,14892
159,15332
160,15452
161,15576
162,15480
163,15344
164,15268
165,15284
166,15360
167,15352
168,14872
169,14636
170,14228
171,14208
172,14608
173,14772
174,15036
175,15104
176,14928
177,14780
178,14540
179,11048
180,472
181,-2012
182,-4616
183,-520
184,12080
185,18752
186,16428
187,16064
188,18272
189,20168
190,19268
191,18392
192,18396
193,16348
194,15420
195,32767
196,31440
197,15756
198,18020
199,15000
200,14912
201,14368
202,14760
203,15440
204,14992
205,15420
206,15792
207,16456
208,17328
209,18132
210,16424
211,16060
212,15216
213,12552
214,13240
215,18616
216,18920
217,19380
218,20672
219,20388
220,18916
221,18456
222,16864
223,15656
224,13524
225,12232
226,10920
227,11064
228,12244
229,13312
230,14304
231,15144
232,15776
233,15948
234,14088
235,13252
236,11148
237,10724
238,11476
239,11472
240,11744
241,11728
242,11540
243,11308
244,11708
245,12236
246,12484
247,13124
248,13632
249,13520
250,14116
251,14228
252,14352
253,14252
254,14124
255,13956
256,13896
257,13616
258,13476
259,12636
260,12472
261,12484
262,12892
263,13400
264,13188
265,12700
266,12540
267,11900
268,12104
269,13144
270,12960
271,13016
272,12868
273,13236
274,13692
275,14004
276,13972
277,14360
278,14112
279,15172
280,14760
281,14032
282,14152
283,14524
284,14752
285,14896
286,14800
287,14736
288,14556
289,14552
290,14500
291,14672
292,14984
293,14972
294,14764
295,14644
296,14412
297,14384
298,12680
299,7820
300,-1808
301,-5696
302,-9104
303,5904
304,18120
305,12696
306,14164
307,19988
308,19948
309,18820
310,17432
311,32767
312,32767
313,16368
314,16352
315,16944
316,16560
317,14912
318,14908
319,15752
320,15716
321,16152
322,16660
323,15232
324,15136
325,16800
326,16668
327,16208
328,16460
329,15872
330,15724
331,14460
332,13996
333,14608
334,12840
335,16708
336,18432
337,19776
338,19928
339,19460
340,18896
341,18772
342,18320
343,17992
344,16772
345,16420
346,14076
347,11908
348,9892
349,9820
350,11996
351,13236
352,14536
353,14352
354,14596
355,14216
356,13144
357,12064
358,11148
359,11384
360,12012
361,13144
362,13392
363,12872
364,12708
365,12100
366,11996
367,12104
368,13068
369,13648
370,12816
371,13364
372,14564
373,15208
374,15392
375,15240
376,14808
377,14480
378,14472
379,13812
380,13180
381,12072
382,11844
383,11856
384,12056
385,12740
386,12932
387,12828
388,12716
389,12624
390,13164
391,13472
392,13456
393,13460
394,13140
395,12924
396,13824
397,13752
398,13840
399,14308
400,14604
401,14432
402,15192
403,15020
404,14288
405,14636
406,15180
407,15212
408,14936
409,14740
410,14036
411,14000
412,14228
413,14208
414,14204
415,14260
416,12988
417,6828
418,-4016
419,-7832
420,-11744
421,248
422,11016
423,16088
424,18588
425,20692
426,20644
427,19788
428,16720
429,28640
430,32767
431,13944
432,17388
433,17156
434,17480
435,15448
436,14188
437,15764
438,15788
439,16028
440,15944
441,15600
442,16020
443,15780
444,16004
445,16300
446,16132
447,16012
448,16256
449,16040
450,15568
451,15432
452,14664
453,12048
454,13068
455,12808
456,15428
457,17836
458,18252
459,17896
460,18068
461,17908
462,18120
463,17684
464,18076
465,17832
466,16160
467,15280
468,13668
469,13072
470,12408
471,12860
472,12252
473,11020
474,11696
475,12820
476,13332
477,13608
478,13748
479,13952
480,13260
481,13312
482,13424
483,13652
484,13892
485,13900
486,13648
487,13876
488,14224
489,14104
490,13908
491,14112
492,14016
493,14056
494,14404
495,14984
496,15148
497,14932
498,14484
499,13792
500,13720
501,13652
502,13648
503,13248
504,13112
505,12996
506,12848
507,12624
508,13008
509,12984
510,12936
511,12812
512,12840
513,13116
514,13384
515,13488
516,13504
517,13760
518,14064
519,14188
520,13896
521,13768
522,13996
523,14104
524,13976
525,13880
526,14164
527,14196
528,14228
529,14140
530,13912
531,13824
532,13864
533,13932
534,13952
535,13908
536,14000
537,14004
538,14320
539,14400
540,14336
541,14484
542,14480
543,11144
544,-436
545,-4540
546,-6704
547,3360
548,2296
549,4672
550,11324
551,24156
552,20296
553,24808
554,24812
555,19748
556,17008
557,18868
558,32767
559,12188
560,15340
561,15784
562,16104
563,15140
564,15248
565,16056
566,15604
567,15868
568,15588
569,15584
570,16692
571,16892
572,16792
573,16712
574,16552
575,16444
576,15904
577,15600
578,15104
579,14752
580,12948
581,12912
582,14260
583,14732
584,14796
585,14536
586,13788
587,15220
588,17512
589,17848
590,18120
591,18052
592,18136
593,17800
594,17712
595,17600
596,17128
597,15784
598,14828
599,12156
600,10032
601,8576
602,9344
603,11564
604,12580
605,13480
606,13648
607,14608
608,14944
609,15364
610,15512
611,14680
612,14600
613,15020
614,15324
615,15256
616,15080
617,15076
618,14784
619,14036
620,13200
621,13148
622,13500
623,13272
624,15152
625,15568
626,15368
627,15192
628,14480
629,14052
630,13684
631,13872
632,13380
633,13444
634,13152
635,13152
636,12912
637,12804
638,12536
639,12676
640,12832
641,13016
642,13072
643,13068
644,13412
645,13428
646,13632
647,13744
648,13824
649,13948
650,13896
651,13732
652,13804
653,13608
654,13572
655,13632
656,13628
657,13704
658,13604
659,13688
660,13712
661,13656
662,13612
663,13692
664,13896
665,14016
666,13996
667,13984
668,14060
669,14200
670,14320
671,1736
672,-1392
673,-1944
674,240
675,2596
676,1836
677,5116
678,22428
679,21888
680,21140
681,15996
682,16920
683,21572
684,19712
685,32767
686,10204
687,15340
688,17104
689,16604
690,16696
691,14764
692,15504
693,16448
694,16680
695,16224
696,16148
697,16140
698,16524
699,17244
700,17224
701,16256
702,15968
703,14600
704,13204
705,13852
706,14476
707,12464
708,13636
709,11676
710,13040
711,18292
712,17908
713,17976
714,17604
715,17364
716,17056
717,16788
718,16884
719,16204
720,15692
721,15212
722,13308
723,13872
724,16320
725,15728
726,14780
727,14424
728,14008
729,13640
730,12696
731,13196
732,13388
733,13636
734,14072
735,14516
736,13448
737,13352
738,12540
739,12764
740,14736
741,15488
742,15868
743,15552
744,15148
745,15792
746,16256
747,15348
748,13252
749,12004
750,11720
751,12056
752,12468
753,12832
754,12780
755,13240
756,13616
757,13576
758,13268
759,12844
760,12900
761,13468
762,13588
763,13700
764,13924
765,14040
766,13748
767,12816
768,12584
769,12508
770,12712
771,13332
772,13444
773,14148
774,14400
775,14176
776,14184
777,14100
778,13960
779,14020
780,14128
781,14076
782,13956
783,13828
784,13736
785,13632
786,13728
787,13820
788,14000
789,14140
790,14216
791,14296
792,14084
793,14108
794,14060
795,14060
796,14436
797,14060
798,13964
799,14004
800,14180
801,14096
802,3416
803,1140
804,-1628
805,1904
806,228
807,3636
808,9024
809,15256
810,18764
811,23336
812,22408
813,18128
814,17788
815,32767
816,16400
817,14288
818,16092
819,16548
820,16472
821,15240
822,15684
823,16236
824,17424
825,17308
826,15108
827,14476
828,16920
829,17020
830,16340
831,16240
832,16104
833,16104
834,15684
835,15240
836,14568
837,14448
838,14424
839,14336
840,13888
841,13540
842,14424
843,17376
844,17776
845,17956
846,17784
847,17744
848,17788
849,17464
850,17080
851,16404
852,15492
853,13772
854,11996
855,10440
856,11040
857,11440
858,11980
859,12832
860,13332
861,14644
862,14632
863,14024
864,13460
865,12960
866,12720
867,12980
868,13180
869,13048
870,12768
871,13316
872,13896
873,13988
874,13624
875,13592
876,14000
877,14492
878,15652
879,15888
880,15688
881,15196
882,14376
883,14224
884,14124
885,13996
886,13672
887,13348
888,12824
889,12596
890,12492
891,12604
892,12800
893,13056
894,13300
895,13516
896,13932
897,14116
898,14180
899,14120
900,13692
901,13460
902,13048
903,12936
904,13396
905,13608
906,14008
907,14732
908,14780
909,14804
910,14656
911,14368
912,14416
913,14576
914,14512
915,14192
916,14052
917,13776
918,13656
919,13748
920,13816
921,14084
922,14224
923,14224
924,14084
925,14304
926,14312
927,14368
928,14484
929,14524
930,14524
931,14472
932,14508
933,14436
934,14520
935,5456
936,3004
937,1216
938,1404
939,1172
940,1700
941,5392
942,9036
943,12452
944,12368
945,21628
946,16604
947,17720
948,12112
949,32767
950,20392
951,16448
952,16404
953,16252
954,15220
955,15456
956,16428
957,16280
958,16488
959,16664
960,16236
961,16488
962,16916
963,16872
964,17024
965,16964
966,16724
967,16632
968,16088
969,15696
970,15292
971,15196
972,15436
973,15264
974,15072
975,14984
976,14928
977,14684
978,11664
979,11772
980,14884
981,15140
982,15460
983,15916
984,18660
985,18616
986,17784
987,17032
988,16596
989,16916
990,16888
991,15680
992,15000
993,12176
994,10956
995,11060
996,11596
997,12912
998,12828
999,13424
